"","n.cell","n.core.cell","n.edges.perimeter","n.edges.internal","area","core.area","perimeter","perim.area.ratio","shape.index","frac.dim.index","core.area.index"
"1",3982.03498542274,3940.18950437318,45.6559766763848,15882.4839650146,3982.03498542274,3940.18950437318,45.6559766763848,2.9484851159215,1.22162543225349,NA,0.0169833193220946
