"","n.cell","n.core.cell","n.edges.perimeter","n.edges.internal","area","core.area","perimeter","perim.area.ratio","shape.index","frac.dim.index","core.area.index"
"1",500.258951861513,402.953047189945,116.479962058335,1884.55584538772,500.258951861513,402.953047189945,116.479962058335,2.92278424072184,1.28153963164369,NA,0.0131019042388802
