"","n.cell","n.core.cell","n.edges.perimeter","n.edges.internal","area","core.area","perimeter","perim.area.ratio","shape.index","frac.dim.index","core.area.index"
"1",21994.8035714286,21873.5,121.464285714286,87857.75,21994.8035714286,21873.5,121.464285714286,3.42420124159882,1.04098294723295,NA,0.0177601008112152
