"","n.cell","n.core.cell","n.edges.perimeter","n.edges.internal","area","core.area","perimeter","perim.area.ratio","shape.index","frac.dim.index","core.area.index"
"1",369.281939365341,291.730683024655,89.5271912233101,1387.60056623806,369.281939365342,291.730683024655,89.5271912233101,2.61579882727001,1.37443871480297,NA,0.0364964594853885
