"","n.cell","n.core.cell","n.edges.perimeter","n.edges.internal","area","core.area","perimeter","perim.area.ratio","shape.index","frac.dim.index","core.area.index"
"1",411.083944580277,262.461287693562,181.689975550122,1462.64580277099,411.083944580277,262.461287693562,181.689975550122,3.00544126168571,1.27585528080375,NA,0.012375544094877
