"","n.cell","n.core.cell","n.edges.perimeter","n.edges.internal","area","core.area","perimeter","perim.area.ratio","shape.index","frac.dim.index","core.area.index"
"1",466.176184690158,337.841906304847,153.982179019846,1710.72255974079,466.176184690158,337.841906304847,153.982179019846,2.86374201024784,1.32903028711957,NA,0.0191729391161729
