"","n.cell","n.core.cell","n.edges.perimeter","n.edges.internal","area","core.area","perimeter","perim.area.ratio","shape.index","frac.dim.index","core.area.index"
"1",2445.08310810811,2098.18243243243,413.614864864865,9366.71756756757,2445.08310810811,2098.18243243243,413.614864864865,3.12318529015101,1.29450860389314,NA,0.00773479356381016
