"","n.cell","n.core.cell","n.edges.perimeter","n.edges.internal","area","core.area","perimeter","perim.area.ratio","shape.index","frac.dim.index","core.area.index"
"1",359.746446584136,245.141088622519,135.235606209471,1303.75018012707,359.746446584136,245.141088622519,135.235606209471,2.7722083556321,1.30127270092386,NA,0.0218403741641697
