"","n.cell","n.core.cell","n.edges.perimeter","n.edges.internal","area","core.area","perimeter","perim.area.ratio","shape.index","frac.dim.index","core.area.index"
"1",452.180615025302,371.760347735825,95.2412092902556,1713.48125081095,452.180615025302,371.760347735825,95.2412092902556,2.97357799032038,1.26394319603826,NA,0.0174318208968068
