"","n.cell","n.core.cell","n.edges.perimeter","n.edges.internal","area","core.area","perimeter","perim.area.ratio","shape.index","frac.dim.index","core.area.index"
"1",995.228190338861,872.889329488104,141.451333813987,3839.46142754146,995.228190338861,872.889329488104,141.451333813987,2.93541692225828,1.30952902594883,NA,0.0243456196542747
